algorithm,nthreads,save_time,read_time,compression
qs2,1,4.12357997894287,3.95333099365234,2.58385735229502
qdata,1,3.59786391258239,3.66123604774476,2.60723356924339
qs-legacy,1,3.29300880432129,3.66396808624268,2.52974106987205
qs2,4,1.36078596115112,3.58762812614441,2.58385735229502
qdata,4,1.21442985534668,3.39598989486695,2.60723356924339
qs-legacy,4,1.46675872802734,3.564768075943,2.52974106987205
